{"cameraMode":{"drawMode":0,"name":"Shaded","section":"Shading Mode"},"sceneLighting":true,"audioPlay":false,"sceneViewState":{"showFog":true,"showMaterialUpdate":true,"showSkybox":true,"showFlares":true,"showImageEffects":true,"showParticleSystems":true},"in2DMode":false,"pivot":{"x":832.1431884765625,"y":533.559326171875,"z":-93.74286651611328},"rotation":{"x":0.019470758736133577,"y":0.04617449641227722,"z":0.0008576460531912744,"w":-0.9987596273422241},"size":1198.2738037109375,"orthographic":false}