{"cameraMode":{"drawMode":0,"name":"Shaded","section":"Shading Mode"},"sceneLighting":true,"audioPlay":false,"sceneViewState":{"showFog":true,"showMaterialUpdate":true,"showSkybox":true,"showFlares":true,"showImageEffects":true,"showParticleSystems":true},"in2DMode":false,"pivot":{"x":310.778564453125,"y":129.60655212402345,"z":283.2088623046875},"rotation":{"x":-0.07190396636724472,"y":-0.03590581193566322,"z":0.0025257610250264408,"w":-0.9967809319496155},"size":945.8388061523438,"orthographic":false}