{"cameraMode":{"drawMode":0,"name":"Shaded","section":"Shading Mode"},"sceneLighting":true,"audioPlay":false,"sceneViewState":{"showFog":true,"showMaterialUpdate":true,"showSkybox":true,"showFlares":true,"showImageEffects":true,"showParticleSystems":true},"in2DMode":false,"pivot":{"x":494.2718811035156,"y":378.5999755859375,"z":0.0},"rotation":{"x":-0.15129505097866059,"y":0.11948845535516739,"z":-0.0184452086687088,"w":-0.9810815453529358},"size":229.18307495117188,"orthographic":false}