{"cameraMode":{"drawMode":0,"name":"Shaded","section":"Shading Mode"},"sceneLighting":true,"audioPlay":false,"sceneViewState":{"showFog":true,"showMaterialUpdate":true,"showSkybox":true,"showFlares":true,"showImageEffects":true,"showParticleSystems":true},"in2DMode":false,"pivot":{"x":759.1153564453125,"y":237.90567016601563,"z":-189.9241943359375},"rotation":{"x":0.2517850697040558,"y":0.11839165538549423,"z":0.031037548556923868,"w":-0.9600263833999634},"size":738.3385620117188,"orthographic":false}