{"cameraMode":{"drawMode":0,"name":"Shaded","section":"Shading Mode"},"sceneLighting":true,"audioPlay":false,"sceneViewState":{"showFog":true,"showMaterialUpdate":true,"showSkybox":true,"showFlares":true,"showImageEffects":true,"showParticleSystems":true},"in2DMode":false,"pivot":{"x":459.374755859375,"y":273.79486083984377,"z":-61.44567108154297},"rotation":{"x":-0.07099474966526032,"y":0.1608709841966629,"z":-0.011676217429339886,"w":-0.9843694567680359},"size":417.8421325683594,"orthographic":false}