{"cameraMode":{"drawMode":0,"name":"Shaded","section":"Shading Mode"},"sceneLighting":false,"audioPlay":false,"sceneViewState":{"showFog":true,"showMaterialUpdate":true,"showSkybox":false,"showFlares":true,"showImageEffects":true,"showParticleSystems":true},"in2DMode":false,"pivot":{"x":317.81390380859377,"y":161.30320739746095,"z":3.709399700164795},"rotation":{"x":-0.09586115926504135,"y":-0.007472796365618706,"z":0.0006563126225955784,"w":-0.995384156703949},"size":22.0,"orthographic":false}