{"cameraMode":{"drawMode":0,"name":"Shaded","section":"Shading Mode"},"sceneLighting":true,"audioPlay":false,"sceneViewState":{"showFog":true,"showMaterialUpdate":true,"showSkybox":true,"showFlares":true,"showImageEffects":true,"showParticleSystems":true},"in2DMode":false,"pivot":{"x":785.515625,"y":508.560546875,"z":-101.64424133300781},"rotation":{"x":-0.37552765011787417,"y":-0.12183409929275513,"z":0.049803733825683597,"w":-0.9174367785453796},"size":1416.8656005859375,"orthographic":false}